{
    "total_sentences": 200,
    "mean_voice_assistant_response_time": 1.5483774558100232,
    "mean_time_to_first_token": 0.07520370314992761,
    "mean_first_token_to_speech": 1.4731737526600954,
    "mean_tts_process_seconds": 0.10354690906503493,
    "mean_num_words": 74,
    "mean_num_tokens_per_second": 70.2410774956192,
    "std_voice_assistant_response_time": 0.5303995514371258,
    "std_time_to_first_token": 0.002727936199805169,
    "std_first_token_to_speech": 0.5301719790415426,
    "std_tts_process_seconds": 0.02497544217181868,
    "std_num_words": 28,
    "std_num_tokens_per_second": 1.1634221289692754
}