{
    "total_sentences": 185,
    "mean_voice_assistant_response_time": 0.5041640191566478,
    "mean_time_to_first_token": 0.16895597784849187,
    "mean_first_token_to_speech": 0.3352080413081559,
    "mean_tts_process_seconds": 0.31118286732435574,
    "mean_num_words": 76,
    "mean_num_tokens_per_second": 70.03315194512223,
    "std_voice_assistant_response_time": 0.08323230149699329,
    "std_time_to_first_token": 0.055462472460160055,
    "std_first_token_to_speech": 0.05199516536137824,
    "std_tts_process_seconds": 0.05094750322742606,
    "std_num_words": 26,
    "std_num_tokens_per_second": 2.279736485138505
}