{
    "total_sentences": 192,
    "mean_voice_assistant_response_time": 0.5568055641383398,
    "mean_time_to_first_token": 0.3636756785667967,
    "mean_first_token_to_speech": 0.19312988557154313,
    "mean_tts_process_seconds": 0.04882435495771157,
    "mean_num_words": 41,
    "mean_num_tokens_per_second": 57.84975841595471,
    "std_voice_assistant_response_time": 0.07926548779596027,
    "std_time_to_first_token": 0.0640269879113658,
    "std_first_token_to_speech": 0.05832949320009073,
    "std_tts_process_seconds": 0.008460453674433245,
    "std_num_words": 19,
    "std_num_tokens_per_second": 10.287776710502513
}
