{
    "total_sentences": 192,
    "mean_voice_assistant_response_time": 1.5034370619687252,
    "mean_time_to_first_token": 0.36369472655739327,
    "mean_first_token_to_speech": 1.1397423354113319,
    "mean_tts_process_seconds": 0.12536544555526538,
    "mean_num_words": 41,
    "mean_num_tokens_per_second": 55.19115808046376,
    "std_voice_assistant_response_time": 0.6004517128872842,
    "std_time_to_first_token": 0.06485637844135102,
    "std_first_token_to_speech": 0.5987334672206767,
    "std_tts_process_seconds": 0.03375108773123451,
    "std_num_words": 19,
    "std_num_tokens_per_second": 13.12677561120184
}